{
    "A1": [
        0,
        34480
    ],
    "A2": [
        34480,
        36750
    ],
    "A3": [
        71240,
        36310
    ],
    "A4": [
        107550,
        22260
    ],
    "A5": [
        129800.00000000001,
        20480
    ],
    "A6": [
        150280,
        9770
    ],
    "A7": [
        160050,
        6950
    ],
    "Ab1": [
        167000,
        39440
    ],
    "Ab2": [
        206450,
        41900
    ],
    "Ab3": [
        248350,
        36650
    ],
    "Ab4": [
        285000,
        25520
    ],
    "Ab5": [
        310520,
        21970
    ],
    "Ab6": [
        332490,
        11260
    ],
    "Ab7": [
        343750,
        6710
    ],
    "B0": [
        350460,
        33540
    ],
    "B1": [
        384000,
        39840
    ],
    "B2": [
        423840,
        38480
    ],
    "B3": [
        462320,
        31790
    ],
    "B4": [
        494110,
        24220
    ],
    "B5": [
        518320.00000000006,
        19670
    ],
    "B6": [
        537990,
        11940
    ],
    "B7": [
        549930,
        7110
    ],
    "Bb0": [
        557040,
        35530
    ],
    "Bb1": [
        592560,
        42370
    ],
    "Bb2": [
        634930,
        27300
    ],
    "Bb3": [
        662230,
        34060
    ],
    "Bb4": [
        696290,
        22050
    ],
    "Bb5": [
        718340,
        16850
    ],
    "Bb6": [
        735190,
        8650
    ],
    "Bb7": [
        743840,
        6710
    ],
    "C1": [
        750550,
        33280
    ],
    "C2": [
        783830,
        46600
    ],
    "C3": [
        830430,
        38090
    ],
    "C4": [
        868520,
        29000
    ],
    "C5": [
        897520,
        22620
    ],
    "C6": [
        920140,
        13900
    ],
    "C7": [
        934030,
        10080
    ],
    "C8": [
        944120,
        6710
    ],
    "D1": [
        950830,
        38350
    ],
    "D2": [
        989180,
        41590
    ],
    "D3": [
        1030770,
        35970
    ],
    "D4": [
        1066740,
        27430
    ],
    "D5": [
        1094160,
        18230
    ],
    "D6": [
        1112400,
        13240
    ],
    "D7": [
        1125640,
        9040
    ],
    "Db1": [
        1134680,
        32340.000000000004
    ],
    "Db2": [
        1167020,
        39210
    ],
    "Db3": [
        1206230,
        28920
    ],
    "Db4": [
        1235150,
        35760
    ],
    "Db5": [
        1270910,
        23250
    ],
    "Db6": [
        1294160,
        13400
    ],
    "Db7": [
        1307560,
        8200
    ],
    "E1": [
        1315760,
        34510
    ],
    "E2": [
        1350270,
        41590
    ],
    "E3": [
        1391860,
        36520
    ],
    "E4": [
        1428380,
        28870
    ],
    "E5": [
        1457240,
        21810
    ],
    "E6": [
        1479050,
        13140
    ],
    "E7": [
        1492190,
        8860
    ],
    "Eb1": [
        1501050,
        33100
    ],
    "Eb2": [
        1534150,
        44280
    ],
    "Eb3": [
        1578420,
        36360
    ],
    "Eb4": [
        1614790,
        30930
    ],
    "Eb5": [
        1645710,
        22180
    ],
    "Eb6": [
        1667890,
        12850
    ],
    "Eb7": [
        1680740,
        7470
    ],
    "F1": [
        1688220,
        36880
    ],
    "F2": [
        1725100,
        32890
    ],
    "F3": [
        1757990,
        34660
    ],
    "F4": [
        1792650,
        23560
    ],
    "F5": [
        1816220,
        22700
    ],
    "F6": [
        1838920,
        9330
    ],
    "F7": [
        1848240,
        10870
    ],
    "G1": [
        1859110,
        48980
    ],
    "G2": [
        1908090,
        35710
    ],
    "G3": [
        1943800,
        35450
    ],
    "G4": [
        1979250,
        25340
    ],
    "G5": [
        2004580,
        21790
    ],
    "G6": [
        2026370,
        12900
    ],
    "G7": [
        2039280,
        8460
    ],
    "Gb1": [
        2047740,
        43230
    ],
    "Gb2": [
        2090969.9999999998,
        36470
    ],
    "Gb3": [
        2127440,
        37040
    ],
    "Gb4": [
        2164480,
        24370
    ],
    "Gb5": [
        2188850,
        21520
    ],
    "Gb6": [
        2210380,
        11940
    ],
    "Gb7": [
        2222320,
        7970
    ]
}